epoch,time,train/box_loss,train/pose_loss,train/kobj_loss,train/cls_loss,train/dfl_loss,metrics/precision(B),metrics/recall(B),metrics/mAP50(B),metrics/mAP50-95(B),metrics/precision(P),metrics/recall(P),metrics/mAP50(P),metrics/mAP50-95(P),val/box_loss,val/pose_loss,val/kobj_loss,val/cls_loss,val/dfl_loss,lr/pg0,lr/pg1,lr/pg2
1,22.9976,1.63249,6.90574,0.69849,3.19155,1.75439,0.59269,0.10714,0.14823,0.11429,0.00501,0.03571,0.00093,0.00021,1.33087,4.98409,0.53409,9.35204,1.55635,0.08218,0.00018,0.00018
2,25.1633,0.60687,4.93945,0.60946,0.61523,0.9252,0.85954,0.67857,0.83198,0.62633,0.00188,0.01786,0.00104,0.00062,0.90482,5.05712,0.41377,0.78767,1.14974,0.0633688,0.000368779,0.000368779
3,27.2247,0.58993,3.97325,0.61527,0.51074,0.92323,1,0.92336,0.98731,0.87574,0.72169,0.66071,0.58994,0.21337,0.5175,3.15512,0.42426,0.436,0.82783,0.0445563,0.000556304,0.000556304
4,29.3423,0.5521,3.46279,0.60691,0.50732,0.9019,0.99679,1,0.995,0.90046,0.8267,0.82143,0.77585,0.34981,0.49946,2.8698,0.4482,0.42637,0.81273,0.0257426,0.000742575,0.000742575
5,31.4108,0.54841,2.90393,0.62382,0.48398,0.90323,0.99866,1,0.995,0.88757,0.99866,1,0.995,0.59811,0.51788,1.57802,0.47969,0.44274,0.82432,0.00692759,0.000927592,0.000927592
6,33.634,0.5052,2.81826,0.6235,0.44334,0.89018,0.99074,1,0.995,0.87375,0.97273,0.98214,0.9771,0.3597,0.57539,1.9176,0.59976,0.54929,0.88169,0.0009835,0.0009835,0.0009835
7,35.6673,0.51557,2.76408,0.59013,0.45896,0.88748,0.99901,1,0.995,0.89151,0.99901,1,0.995,0.57444,0.47615,1.13694,0.56201,0.5255,0.82798,0.0009802,0.0009802,0.0009802
8,37.7413,0.55082,2.44449,0.66282,0.44727,0.90934,0.98142,0.98214,0.99466,0.87288,0.98142,0.98214,0.99466,0.55262,0.54799,1.50492,0.61624,0.56921,0.85211,0.0009769,0.0009769,0.0009769
9,39.7934,0.54438,2.58287,0.66424,0.44693,0.91972,0.99674,1,0.995,0.92453,0.99674,1,0.995,0.74144,0.41485,0.83456,0.52629,0.53731,0.78459,0.0009736,0.0009736,0.0009736
10,41.8964,0.48713,1.95532,0.63103,0.4153,0.87486,0.99592,1,0.995,0.91873,0.99592,1,0.995,0.8296,0.43305,0.63554,0.42676,0.49197,0.78666,0.0009703,0.0009703,0.0009703
11,44.0256,0.49738,1.83118,0.62226,0.4138,0.88698,0.99787,1,0.995,0.90021,0.99787,1,0.995,0.72001,0.45132,0.80755,0.38643,0.3933,0.80431,0.000967,0.000967,0.000967
12,46.0998,0.52137,1.96101,0.64129,0.42124,0.91781,0.99821,1,0.995,0.90891,0.99821,1,0.995,0.69951,0.43323,0.74587,0.43265,0.36888,0.8006,0.0009637,0.0009637,0.0009637
13,48.1704,0.49359,2.08267,0.63266,0.41273,0.89708,0.99726,1,0.995,0.90088,0.99726,1,0.995,0.73596,0.51174,0.77589,0.3984,0.41113,0.81347,0.0009604,0.0009604,0.0009604
14,50.4819,0.46892,1.78746,0.60099,0.39857,0.87486,0.99426,1,0.995,0.91198,0.99426,1,0.995,0.71097,0.44904,0.77458,0.36119,0.45434,0.80645,0.0009571,0.0009571,0.0009571
15,52.8888,0.45629,1.74317,0.59942,0.39745,0.88659,0.99765,1,0.995,0.91913,0.97983,0.98214,0.97475,0.71946,0.41351,0.71174,0.36802,0.37732,0.79949,0.0009538,0.0009538,0.0009538
16,55.273,0.49216,1.83812,0.60426,0.41316,0.90051,0.99864,1,0.995,0.91889,0.99864,1,0.995,0.75064,0.38435,0.45147,0.37008,0.32006,0.79864,0.0009505,0.0009505,0.0009505
17,57.6385,0.4342,1.33421,0.57943,0.36539,0.86183,0.99873,1,0.995,0.91487,0.99873,1,0.995,0.75828,0.36438,0.51366,0.3571,0.30686,0.79686,0.0009472,0.0009472,0.0009472
18,59.8095,0.44864,1.45753,0.55741,0.38566,0.8839,0.99859,1,0.995,0.8947,0.99859,1,0.995,0.85737,0.41457,0.45814,0.34909,0.31855,0.804,0.0009439,0.0009439,0.0009439
19,61.9161,0.45157,1.34031,0.60968,0.38059,0.88386,0.99892,1,0.995,0.93636,0.99892,1,0.995,0.91908,0.37939,0.29441,0.32625,0.29756,0.78736,0.0009406,0.0009406,0.0009406
20,63.9837,0.45615,1.32887,0.59728,0.38459,0.87031,0.9989,1,0.995,0.93443,0.9989,1,0.995,0.94772,0.38551,0.27924,0.30983,0.27785,0.78313,0.0009373,0.0009373,0.0009373
21,65.9571,0.44038,1.14615,0.57138,0.35065,0.87847,0.99887,1,0.995,0.92289,0.99887,1,0.995,0.93967,0.36839,0.27098,0.31356,0.27634,0.78735,0.000934,0.000934,0.000934
22,68.0787,0.46915,1.48732,0.57156,0.37203,0.88372,0.99887,1,0.995,0.92192,0.99887,1,0.995,0.91173,0.35774,0.24323,0.31574,0.27468,0.78072,0.0009307,0.0009307,0.0009307
23,70.2919,0.46542,1.18524,0.57717,0.37698,0.88513,0.99871,1,0.995,0.94467,0.99871,1,0.995,0.93526,0.36096,0.22658,0.29848,0.28098,0.79066,0.0009274,0.0009274,0.0009274
24,72.4832,0.45054,1.0944,0.58149,0.39255,0.88922,0.99858,1,0.995,0.95564,0.99858,1,0.995,0.94309,0.34179,0.22502,0.29461,0.28779,0.79052,0.0009241,0.0009241,0.0009241
25,75.0912,0.40911,1.01251,0.55056,0.33852,0.86394,0.9989,1,0.995,0.93005,0.9989,1,0.995,0.96,0.35074,0.19639,0.28578,0.29295,0.77885,0.0009208,0.0009208,0.0009208
26,77.6201,0.4062,0.97182,0.55184,0.35849,0.86291,0.99884,1,0.995,0.92843,0.99884,1,0.995,0.97302,0.38742,0.19407,0.28357,0.31237,0.78717,0.0009175,0.0009175,0.0009175
27,80.17,0.42565,1.00567,0.58038,0.34709,0.87448,0.99862,1,0.995,0.94107,0.99862,1,0.995,0.95763,0.34569,0.17193,0.27887,0.3,0.77058,0.0009142,0.0009142,0.0009142
28,82.6749,0.41088,1.11086,0.55891,0.36803,0.86408,0.99809,1,0.995,0.93522,0.99809,1,0.995,0.97883,0.35389,0.18768,0.27434,0.42378,0.76989,0.0009109,0.0009109,0.0009109
29,85.2248,0.41318,0.97318,0.54949,0.35005,0.85718,0.99831,1,0.995,0.93619,0.99831,1,0.995,0.98224,0.34613,0.17667,0.27332,0.33432,0.76651,0.0009076,0.0009076,0.0009076
30,87.7325,0.38995,0.89541,0.60581,0.32633,0.85594,0.99851,1,0.995,0.93942,0.99851,1,0.995,0.97713,0.33398,0.18461,0.27241,0.30143,0.76114,0.0009043,0.0009043,0.0009043
31,90.3231,0.42336,0.86857,0.566,0.35146,0.87659,0.99886,1,0.995,0.91933,0.99886,1,0.995,0.96256,0.37462,0.19109,0.26904,0.25605,0.77014,0.000901,0.000901,0.000901
32,92.8449,0.40773,0.82504,0.52299,0.33304,0.8634,0.99891,1,0.995,0.93067,0.99891,1,0.995,0.974,0.3582,0.15932,0.26686,0.25346,0.76495,0.0008977,0.0008977,0.0008977
33,95.3913,0.39288,0.8593,0.53936,0.32027,0.85313,0.99896,1,0.995,0.94918,0.99896,1,0.995,0.97969,0.31696,0.16915,0.26984,0.25195,0.76191,0.0008944,0.0008944,0.0008944
34,97.7648,0.43363,0.85924,0.54335,0.3781,0.87914,0.99896,1,0.995,0.95096,0.99896,1,0.995,0.97714,0.33216,0.20047,0.26909,0.27151,0.76491,0.0008911,0.0008911,0.0008911
35,100.234,0.39841,0.73984,0.52679,0.33241,0.85429,0.99893,1,0.995,0.94656,0.99893,1,0.995,0.97132,0.30691,0.14361,0.26637,0.25,0.76169,0.0008878,0.0008878,0.0008878
36,102.773,0.39672,0.82325,0.55999,0.33634,0.85784,0.99884,1,0.995,0.95207,0.99884,1,0.995,0.98102,0.34406,0.17947,0.26524,0.24556,0.76666,0.0008845,0.0008845,0.0008845
37,105.273,0.41869,0.77718,0.51945,0.3431,0.86289,0.99892,1,0.995,0.95043,0.99892,1,0.995,0.97981,0.31517,0.1561,0.26447,0.23391,0.76346,0.0008812,0.0008812,0.0008812
38,107.748,0.40954,0.82503,0.54751,0.33428,0.85993,0.99885,1,0.995,0.93779,0.99885,1,0.995,0.97694,0.31923,0.1412,0.26772,0.23489,0.76071,0.0008779,0.0008779,0.0008779
39,110.282,0.38692,0.77044,0.4982,0.3177,0.84707,0.99861,1,0.995,0.9416,0.99861,1,0.995,0.97148,0.34604,0.19121,0.2684,0.24768,0.76668,0.0008746,0.0008746,0.0008746
40,112.664,0.40033,0.80858,0.53613,0.32338,0.85428,0.99868,1,0.995,0.94823,0.99868,1,0.995,0.97599,0.31876,0.15629,0.26237,0.25109,0.76798,0.0008713,0.0008713,0.0008713
41,114.931,0.40527,0.71579,0.56383,0.34081,0.85504,0.99892,1,0.995,0.9188,0.99892,1,0.995,0.97928,0.40919,0.14659,0.25875,0.30117,0.7919,0.000868,0.000868,0.000868
42,117.063,0.38727,0.59939,0.54951,0.32313,0.85157,0.99902,1,0.995,0.93668,0.99902,1,0.995,0.98154,0.35682,0.1457,0.25933,0.25832,0.77673,0.0008647,0.0008647,0.0008647
43,119.235,0.38075,0.74684,0.5352,0.32004,0.86425,0.99898,1,0.995,0.93693,0.99898,1,0.995,0.97961,0.33583,0.14277,0.26433,0.25092,0.7708,0.0008614,0.0008614,0.0008614
44,121.495,0.36988,0.65123,0.49988,0.30416,0.84539,0.99886,1,0.995,0.95817,0.99886,1,0.995,0.983,0.32008,0.11857,0.26786,0.25041,0.76714,0.0008581,0.0008581,0.0008581
45,124.08,0.36641,0.66117,0.51908,0.31028,0.84376,0.99891,1,0.995,0.96022,0.99891,1,0.995,0.98483,0.30868,0.12027,0.26831,0.25193,0.76561,0.0008548,0.0008548,0.0008548
46,126.669,0.3711,0.75149,0.55225,0.30661,0.86829,0.99893,1,0.995,0.95818,0.99893,1,0.995,0.98755,0.33052,0.11402,0.26766,0.25324,0.76627,0.0008515,0.0008515,0.0008515
47,129.321,0.38248,0.65916,0.52146,0.30521,0.86197,0.999,1,0.995,0.95888,0.999,1,0.995,0.98336,0.33445,0.11306,0.26459,0.24724,0.77518,0.0008482,0.0008482,0.0008482
48,131.796,0.36979,0.66618,0.53213,0.3057,0.8587,0.99889,1,0.995,0.9547,0.99889,1,0.995,0.98137,0.33521,0.12896,0.26515,0.25314,0.77936,0.0008449,0.0008449,0.0008449
49,134.229,0.36387,0.63687,0.50023,0.31707,0.85018,0.99874,1,0.995,0.94831,0.99874,1,0.995,0.98466,0.33296,0.1101,0.26663,0.24601,0.77782,0.0008416,0.0008416,0.0008416
50,136.695,0.37813,0.63963,0.52541,0.30131,0.8531,0.99876,1,0.995,0.94292,0.99876,1,0.995,0.98557,0.35881,0.1135,0.26748,0.2386,0.78144,0.0008383,0.0008383,0.0008383
51,139.169,0.37797,0.96436,0.54825,0.31269,0.84912,0.99888,1,0.995,0.94505,0.99888,1,0.995,0.98561,0.3466,0.11141,0.26686,0.23862,0.77969,0.000835,0.000835,0.000835
52,141.681,0.40065,0.54462,0.52903,0.32468,0.86702,0.99886,1,0.995,0.9489,0.99886,1,0.995,0.98591,0.33701,0.10494,0.26823,0.24274,0.77444,0.0008317,0.0008317,0.0008317
53,144.011,0.37818,0.57958,0.52456,0.30428,0.84637,0.99842,1,0.995,0.94684,0.99842,1,0.995,0.98678,0.33665,0.10759,0.27082,0.2375,0.76893,0.0008284,0.0008284,0.0008284
54,146.315,0.37169,0.72433,0.50383,0.3016,0.85628,0.99718,1,0.995,0.93916,0.99718,1,0.995,0.98366,0.32205,0.11194,0.27112,0.23256,0.76891,0.0008251,0.0008251,0.0008251
55,148.573,0.3776,0.68695,0.51041,0.30916,0.85706,0.99872,1,0.995,0.9564,0.99872,1,0.995,0.97663,0.3168,0.13793,0.27747,0.22488,0.7667,0.0008218,0.0008218,0.0008218
56,150.981,0.36665,0.57075,0.49492,0.30652,0.843,0.99873,1,0.995,0.94798,0.99873,1,0.995,0.98024,0.32488,0.16801,0.28227,0.22128,0.76647,0.0008185,0.0008185,0.0008185
57,153.397,0.35712,0.64711,0.51035,0.28777,0.85296,0.99874,1,0.995,0.94914,0.99874,1,0.995,0.981,0.30661,0.11907,0.27822,0.23445,0.7672,0.0008152,0.0008152,0.0008152
58,155.604,0.36351,0.71244,0.50183,0.29141,0.85121,0.99851,1,0.995,0.95974,0.99851,1,0.995,0.98237,0.3001,0.12395,0.27665,0.25122,0.76485,0.0008119,0.0008119,0.0008119
59,157.972,0.38225,0.64931,0.49996,0.29981,0.86049,0.99827,1,0.995,0.95585,0.99827,1,0.995,0.98322,0.3232,0.15014,0.27725,0.27546,0.76778,0.0008086,0.0008086,0.0008086
60,160.527,0.37396,0.60924,0.54436,0.33476,0.85933,0.99867,1,0.995,0.94013,0.99867,1,0.995,0.98363,0.34664,0.12392,0.28014,0.2547,0.77473,0.0008053,0.0008053,0.0008053
61,162.914,0.38785,0.72161,0.52908,0.30961,0.85397,0.99888,1,0.995,0.92932,0.99888,1,0.995,0.98496,0.38138,0.17283,0.28335,0.25045,0.78257,0.000802,0.000802,0.000802
62,165.339,0.37637,0.64418,0.53127,0.30791,0.86197,0.99891,1,0.995,0.95612,0.99891,1,0.995,0.98702,0.32464,0.13723,0.27775,0.24043,0.76764,0.0007987,0.0007987,0.0007987
63,167.987,0.35569,0.61197,0.49301,0.29805,0.84687,0.99893,1,0.995,0.96667,0.99893,1,0.995,0.98979,0.31143,0.10441,0.27626,0.22111,0.76698,0.0007954,0.0007954,0.0007954
64,170.49,0.369,0.62343,0.52253,0.29091,0.85447,0.99902,1,0.995,0.9668,0.99902,1,0.995,0.98885,0.2939,0.11706,0.27674,0.21462,0.76179,0.0007921,0.0007921,0.0007921
65,172.709,0.36104,0.53476,0.47625,0.2875,0.8471,0.99888,1,0.995,0.95738,0.99888,1,0.995,0.98481,0.29625,0.11632,0.28011,0.22932,0.76269,0.0007888,0.0007888,0.0007888
66,174.947,0.35498,0.53297,0.49339,0.28395,0.85364,0.9986,1,0.995,0.96332,0.9986,1,0.995,0.98786,0.29654,0.11102,0.28294,0.23521,0.76611,0.0007855,0.0007855,0.0007855
67,177.378,0.35785,0.62066,0.49539,0.28864,0.86563,0.99867,1,0.995,0.96063,0.99867,1,0.995,0.9877,0.28149,0.10748,0.28598,0.22822,0.76214,0.0007822,0.0007822,0.0007822
68,179.844,0.37744,0.61769,0.47653,0.30266,0.83601,0.99844,1,0.995,0.95912,0.99844,1,0.995,0.98682,0.31319,0.0996,0.28352,0.24385,0.76108,0.0007789,0.0007789,0.0007789
69,182.312,0.36345,0.45703,0.48478,0.29318,0.85245,0.99879,1,0.995,0.95604,0.99879,1,0.995,0.9874,0.30082,0.11787,0.27506,0.22164,0.76334,0.0007756,0.0007756,0.0007756
70,184.842,0.33735,0.4956,0.45704,0.26998,0.83711,0.9989,1,0.995,0.95409,0.9989,1,0.995,0.98536,0.3015,0.12452,0.26996,0.23931,0.76495,0.0007723,0.0007723,0.0007723
71,187.426,0.38829,0.68932,0.46765,0.30903,0.86347,0.99895,1,0.995,0.94356,0.99895,1,0.995,0.98536,0.31265,0.13041,0.27426,0.21618,0.76605,0.000769,0.000769,0.000769
72,189.981,0.3765,0.54484,0.48682,0.28359,0.84888,0.99901,1,0.995,0.94958,0.99901,1,0.995,0.98357,0.3311,0.11783,0.27382,0.22835,0.77032,0.0007657,0.0007657,0.0007657
73,192.603,0.37019,0.55366,0.47372,0.29376,0.84352,0.99896,1,0.995,0.96096,0.99896,1,0.995,0.98189,0.30014,0.15832,0.26799,0.23171,0.76629,0.0007624,0.0007624,0.0007624
74,195.109,0.34282,0.44559,0.46549,0.27429,0.84638,0.9989,1,0.995,0.95968,0.9989,1,0.995,0.987,0.32269,0.11829,0.26785,0.22726,0.76901,0.0007591,0.0007591,0.0007591
75,197.66,0.34875,0.52661,0.48794,0.28025,0.84544,0.99779,1,0.995,0.96541,0.99779,1,0.995,0.98804,0.31504,0.08483,0.26908,0.23944,0.76897,0.0007558,0.0007558,0.0007558
76,200.208,0.32487,0.45095,0.47475,0.2684,0.83278,0.99868,1,0.995,0.96334,0.99868,1,0.995,0.98855,0.34006,0.09924,0.2705,0.22861,0.7748,0.0007525,0.0007525,0.0007525
77,202.736,0.34153,0.47119,0.43228,0.27265,0.84041,0.99861,1,0.995,0.95266,0.99861,1,0.995,0.98591,0.31378,0.09438,0.26007,0.22194,0.77304,0.0007492,0.0007492,0.0007492
78,205.244,0.34694,0.51886,0.4533,0.27822,0.85168,0.99886,1,0.995,0.95695,0.99886,1,0.995,0.98945,0.29236,0.11207,0.2536,0.21848,0.77284,0.0007459,0.0007459,0.0007459
79,207.534,0.33381,0.54826,0.45384,0.2783,0.8446,0.99894,1,0.995,0.95835,0.99894,1,0.995,0.98974,0.30654,0.09174,0.24974,0.23219,0.7809,0.0007426,0.0007426,0.0007426
80,210.055,0.34114,0.4748,0.43987,0.26565,0.82973,0.99894,1,0.995,0.95691,0.99894,1,0.995,0.98944,0.28426,0.10984,0.25024,0.21979,0.77922,0.0007393,0.0007393,0.0007393
81,212.626,0.34132,0.48702,0.4587,0.27019,0.83923,0.99899,1,0.995,0.97758,0.99899,1,0.995,0.98932,0.27181,0.08692,0.25454,0.21481,0.77919,0.000736,0.000736,0.000736
82,215.229,0.32546,0.51555,0.45077,0.27137,0.82843,0.999,1,0.995,0.9667,0.999,1,0.995,0.98892,0.29463,0.08685,0.25182,0.23212,0.78417,0.0007327,0.0007327,0.0007327
83,217.759,0.40968,0.73821,0.45327,0.64027,0.90994,0.99902,1,0.995,0.95515,0.99902,1,0.995,0.98641,0.3181,0.1065,0.24487,0.23749,0.79084,0.0007294,0.0007294,0.0007294
84,220.213,0.36275,0.53181,0.44512,0.28309,0.85002,0.99902,1,0.995,0.95697,0.99902,1,0.995,0.98937,0.33936,0.1007,0.24556,0.25441,0.78968,0.0007261,0.0007261,0.0007261
85,222.614,0.35893,0.59409,0.43264,0.27618,0.84545,0.99903,1,0.995,0.96095,0.99903,1,0.995,0.99013,0.34488,0.09943,0.24755,0.22138,0.79034,0.0007228,0.0007228,0.0007228
86,224.958,0.33571,0.52592,0.44357,0.281,0.83969,0.99902,1,0.995,0.9586,0.99902,1,0.995,0.99122,0.32688,0.12622,0.24603,0.24846,0.79332,0.0007195,0.0007195,0.0007195
87,227.377,0.33965,0.43346,0.41212,0.28384,0.83327,0.99899,1,0.995,0.96012,0.99899,1,0.995,0.9893,0.31868,0.09719,0.23951,0.25546,0.79639,0.0007162,0.0007162,0.0007162
88,229.709,0.32905,0.42524,0.43899,0.27785,0.84234,0.99897,1,0.995,0.96727,0.99897,1,0.995,0.99166,0.32625,0.08777,0.23664,0.254,0.79801,0.0007129,0.0007129,0.0007129
89,232.163,0.33261,0.39896,0.42381,0.27263,0.83406,0.999,1,0.995,0.95833,0.999,1,0.995,0.98933,0.29556,0.08208,0.22972,0.22725,0.79806,0.0007096,0.0007096,0.0007096
90,234.38,0.33546,0.45538,0.43869,0.27982,0.82984,0.99899,1,0.995,0.97031,0.99899,1,0.995,0.99012,0.28498,0.08512,0.23098,0.2378,0.7901,0.0007063,0.0007063,0.0007063
91,236.425,0.32413,0.43711,0.43336,0.27311,0.8363,0.99899,1,0.995,0.96511,0.99899,1,0.995,0.9903,0.27955,0.08624,0.23378,0.22609,0.78163,0.000703,0.000703,0.000703
92,238.513,0.32155,0.49317,0.44138,0.26986,0.83428,0.99903,1,0.995,0.96457,0.99903,1,0.995,0.98942,0.29113,0.10702,0.23366,0.23144,0.78344,0.0006997,0.0006997,0.0006997
93,240.753,0.36976,0.62751,0.42357,0.29268,0.84725,0.99903,1,0.995,0.96019,0.99903,1,0.995,0.9888,0.31451,0.12956,0.23446,0.23875,0.78645,0.0006964,0.0006964,0.0006964
94,242.879,0.34258,0.42809,0.42851,0.27543,0.83414,0.99881,1,0.995,0.95413,0.99881,1,0.995,0.98693,0.32752,0.1302,0.23718,0.22991,0.78317,0.0006931,0.0006931,0.0006931
95,244.985,0.31108,0.43026,0.38439,0.78407,0.80276,0.99872,1,0.995,0.97197,0.99872,1,0.995,0.98332,0.28041,0.11498,0.23002,0.2103,0.77344,0.0006898,0.0006898,0.0006898
96,247.257,0.3408,0.42644,0.4405,0.27381,0.84985,0.99889,1,0.995,0.97707,0.99889,1,0.995,0.98297,0.27785,0.12711,0.22241,0.22598,0.7721,0.0006865,0.0006865,0.0006865
97,249.485,0.3146,0.38527,0.45103,0.27555,0.83174,0.99856,1,0.995,0.96302,0.99856,1,0.995,0.98463,0.27967,0.09276,0.21992,0.22462,0.77061,0.0006832,0.0006832,0.0006832
98,251.742,0.33419,0.47557,0.40652,0.26573,0.83736,0.99866,1,0.995,0.9569,0.99866,1,0.995,0.99018,0.28356,0.09096,0.21968,0.23923,0.77738,0.0006799,0.0006799,0.0006799
99,254.227,0.32409,0.50153,0.42303,0.26129,0.83841,0.99886,1,0.995,0.96519,0.99886,1,0.995,0.99081,0.29267,0.08769,0.22453,0.23147,0.78024,0.0006766,0.0006766,0.0006766
100,256.825,0.32849,0.42925,0.3979,0.26151,0.83143,0.99899,1,0.995,0.9624,0.99899,1,0.995,0.99033,0.29586,0.09779,0.22564,0.23235,0.77364,0.0006733,0.0006733,0.0006733
101,259.385,0.31809,0.45258,0.40913,0.26596,0.82727,0.99901,1,0.995,0.98255,0.99901,1,0.995,0.99012,0.25179,0.08204,0.22114,0.20276,0.76723,0.00067,0.00067,0.00067
102,261.821,0.33992,0.43018,0.39372,0.27192,0.85073,0.99902,1,0.995,0.97582,0.99902,1,0.995,0.98498,0.25646,0.08537,0.2219,0.20404,0.76856,0.0006667,0.0006667,0.0006667
103,264.026,0.32109,0.49616,0.38932,0.26689,0.8296,0.99904,1,0.995,0.97006,0.99904,1,0.995,0.98906,0.28458,0.07683,0.22567,0.21066,0.7676,0.0006634,0.0006634,0.0006634
104,266.175,0.33456,0.46161,0.40014,0.26859,0.83229,0.99901,1,0.995,0.96199,0.99901,1,0.995,0.98978,0.27277,0.08095,0.22771,0.20847,0.76761,0.0006601,0.0006601,0.0006601
105,268.357,0.32781,0.4803,0.39676,0.26825,0.83997,0.999,1,0.995,0.96576,0.999,1,0.995,0.98816,0.2652,0.08326,0.2238,0.21709,0.77016,0.0006568,0.0006568,0.0006568
106,270.584,0.34265,0.56479,0.38458,0.28099,0.84618,0.99902,1,0.995,0.96857,0.99902,1,0.995,0.98784,0.27619,0.08665,0.22399,0.21582,0.77195,0.0006535,0.0006535,0.0006535
107,272.917,0.342,0.48247,0.401,0.26942,0.86298,0.99905,1,0.995,0.96047,0.99905,1,0.995,0.98828,0.27126,0.08951,0.22567,0.20866,0.76935,0.0006502,0.0006502,0.0006502
108,275.418,0.32247,0.55299,0.38379,0.27039,0.85147,0.99906,1,0.995,0.96993,0.99906,1,0.995,0.98933,0.26758,0.08161,0.22888,0.20929,0.77162,0.0006469,0.0006469,0.0006469
109,277.974,0.32291,0.44208,0.39171,0.26284,0.84535,0.99904,1,0.995,0.97027,0.99904,1,0.995,0.99026,0.27678,0.087,0.22617,0.20208,0.7708,0.0006436,0.0006436,0.0006436
110,280.475,0.32675,0.5169,0.36132,0.25522,0.84177,0.99903,1,0.995,0.97249,0.99903,1,0.995,0.98983,0.30585,0.10099,0.21971,0.20249,0.77204,0.0006403,0.0006403,0.0006403
111,282.964,0.31662,0.3999,0.36986,0.25257,0.82713,0.99902,1,0.995,0.96486,0.99902,1,0.995,0.98874,0.26873,0.0909,0.21428,0.2041,0.77098,0.000637,0.000637,0.000637
112,285.297,0.3296,0.39233,0.39667,0.26482,0.85026,0.999,1,0.995,0.97465,0.999,1,0.995,0.99028,0.2655,0.0826,0.21732,0.21738,0.76816,0.0006337,0.0006337,0.0006337
113,287.424,0.34021,0.39863,0.37406,0.27,0.84092,0.99902,1,0.995,0.96104,0.99902,1,0.995,0.99015,0.28821,0.07865,0.21402,0.21521,0.7702,0.0006304,0.0006304,0.0006304
114,289.441,0.33162,0.45114,0.34386,0.26477,0.83859,0.99902,1,0.995,0.97356,0.99902,1,0.995,0.98854,0.27322,0.08525,0.20648,0.2075,0.77047,0.0006271,0.0006271,0.0006271
115,291.496,0.30735,0.34795,0.37767,0.24582,0.84477,0.99904,1,0.995,0.98302,0.99904,1,0.995,0.98833,0.26377,0.08735,0.20121,0.20525,0.7683,0.0006238,0.0006238,0.0006238
116,293.593,0.33867,0.42227,0.35296,0.27695,0.85304,0.99903,1,0.995,0.95849,0.99903,1,0.995,0.98562,0.28872,0.07979,0.19573,0.21221,0.77109,0.0006205,0.0006205,0.0006205
117,295.728,0.3208,0.36249,0.36339,0.25099,0.83497,0.99904,1,0.995,0.97681,0.99904,1,0.995,0.98866,0.27734,0.08168,0.19238,0.21008,0.77144,0.0006172,0.0006172,0.0006172
118,297.878,0.3192,0.40361,0.34323,0.24316,0.8135,0.99904,1,0.995,0.9653,0.99904,1,0.995,0.98809,0.31406,0.08817,0.19213,0.21728,0.77982,0.0006139,0.0006139,0.0006139
119,300.208,0.32258,0.36097,0.33159,0.25506,0.84096,0.99904,1,0.995,0.97514,0.99904,1,0.995,0.98825,0.27203,0.07725,0.18648,0.20776,0.77408,0.0006106,0.0006106,0.0006106
120,302.544,0.3161,0.3403,0.35065,0.25264,0.84284,0.99904,1,0.995,0.96585,0.99904,1,0.995,0.98934,0.30264,0.07619,0.18675,0.21772,0.77999,0.0006073,0.0006073,0.0006073
121,304.785,0.32858,0.47249,0.36527,0.26173,0.83608,0.99904,1,0.995,0.97445,0.99904,1,0.995,0.98938,0.28302,0.08918,0.19048,0.20754,0.77157,0.000604,0.000604,0.000604
122,307.125,0.31238,0.40758,0.36028,0.2551,0.83287,0.99902,1,0.995,0.97219,0.99902,1,0.995,0.98824,0.28387,0.07555,0.18828,0.20748,0.77151,0.0006007,0.0006007,0.0006007
123,309.54,0.30219,0.56421,0.33882,0.24357,0.82837,0.99903,1,0.995,0.97496,0.99903,1,0.995,0.98723,0.28341,0.09481,0.18484,0.20172,0.77324,0.0005974,0.0005974,0.0005974
124,312.026,0.29725,0.45848,0.35895,0.24632,0.82632,0.99904,1,0.995,0.98403,0.99904,1,0.995,0.98543,0.27168,0.07055,0.18207,0.19217,0.7702,0.0005941,0.0005941,0.0005941
125,314.386,0.29208,0.40855,0.32552,0.23623,0.82493,0.99901,1,0.995,0.97859,0.99901,1,0.995,0.98505,0.2573,0.077,0.18,0.1837,0.7646,0.0005908,0.0005908,0.0005908
126,316.747,0.29446,0.41135,0.30684,0.23533,0.83187,0.99899,1,0.995,0.97005,0.99899,1,0.995,0.9852,0.27466,0.08289,0.1756,0.19472,0.7665,0.0005875,0.0005875,0.0005875
127,319.244,0.30051,0.42837,0.31542,0.23775,0.82342,0.99897,1,0.995,0.97546,0.99897,1,0.995,0.98668,0.25896,0.08364,0.17336,0.19325,0.76638,0.0005842,0.0005842,0.0005842
128,321.637,0.29607,0.46129,0.33579,0.24044,0.82927,0.99898,1,0.995,0.98269,0.99898,1,0.995,0.9869,0.26579,0.08386,0.17584,0.19547,0.76408,0.0005809,0.0005809,0.0005809
129,324.199,0.2955,0.38893,0.32889,0.24197,0.81893,0.99903,1,0.995,0.9818,0.99903,1,0.995,0.98643,0.25923,0.08599,0.17513,0.19623,0.76094,0.0005776,0.0005776,0.0005776
130,326.745,0.29657,0.33161,0.34528,0.25791,0.82961,0.99903,1,0.995,0.97209,0.99903,1,0.995,0.98662,0.26109,0.08353,0.16651,0.20415,0.76074,0.0005743,0.0005743,0.0005743
131,329.267,0.31031,0.31891,0.32708,0.23997,0.83877,0.99903,1,0.995,0.97013,0.99903,1,0.995,0.98662,0.25203,0.08206,0.16054,0.19937,0.76365,0.000571,0.000571,0.000571
132,331.793,0.32091,0.43742,0.35397,0.25866,0.85554,0.99904,1,0.995,0.98219,0.99904,1,0.995,0.98702,0.24862,0.07813,0.16002,0.18846,0.76456,0.0005677,0.0005677,0.0005677
133,334.262,0.31215,0.33279,0.29775,0.2509,0.8182,0.99904,1,0.995,0.98348,0.99904,1,0.995,0.98243,0.25207,0.08176,0.16553,0.19718,0.76314,0.0005644,0.0005644,0.0005644
134,336.482,0.30222,0.37935,0.32813,0.25136,0.81543,0.99904,1,0.995,0.97388,0.99904,1,0.995,0.98788,0.26008,0.09316,0.1672,0.2064,0.76711,0.0005611,0.0005611,0.0005611
135,339.05,0.3161,0.41733,0.31375,0.2463,0.83877,0.99903,1,0.995,0.96665,0.99903,1,0.995,0.98563,0.27569,0.08616,0.1551,0.21138,0.76618,0.0005578,0.0005578,0.0005578
136,341.531,0.29796,0.41718,0.29933,0.23822,0.8411,0.99904,1,0.995,0.97629,0.99904,1,0.995,0.98597,0.267,0.09372,0.14924,0.20277,0.76434,0.0005545,0.0005545,0.0005545
137,344.083,0.29574,0.29145,0.29844,0.23852,0.82257,0.99904,1,0.995,0.9762,0.99904,1,0.995,0.98825,0.26793,0.10226,0.14503,0.20575,0.76617,0.0005512,0.0005512,0.0005512
138,346.557,0.28442,0.35464,0.29421,0.49463,0.79579,0.99905,1,0.995,0.97549,0.99905,1,0.995,0.98854,0.26646,0.08902,0.14774,0.19785,0.76891,0.0005479,0.0005479,0.0005479
139,348.987,0.29351,0.36454,0.29084,0.23831,0.83128,0.99905,1,0.995,0.98185,0.99905,1,0.995,0.98874,0.25524,0.08144,0.15267,0.20446,0.76964,0.0005446,0.0005446,0.0005446
140,351.406,0.30296,0.35355,0.31185,0.24219,0.83179,0.99904,1,0.995,0.98374,0.99904,1,0.995,0.99015,0.25363,0.08058,0.15834,0.20015,0.76741,0.0005413,0.0005413,0.0005413
141,353.983,0.29244,0.30401,0.34319,0.24684,0.83803,0.99901,1,0.995,0.97378,0.99901,1,0.995,0.99117,0.269,0.07498,0.15351,0.20731,0.77099,0.000538,0.000538,0.000538
142,356.527,0.30072,0.35685,0.29101,0.24667,0.8112,0.99903,1,0.995,0.98698,0.99903,1,0.995,0.99222,0.2636,0.06869,0.14883,0.21483,0.77536,0.0005347,0.0005347,0.0005347
143,359.004,0.31881,0.48794,0.29801,0.26101,0.84505,0.99902,1,0.995,0.98347,0.99902,1,0.995,0.99262,0.25496,0.09432,0.14282,0.20086,0.78204,0.0005314,0.0005314,0.0005314
144,361.525,0.3208,0.41755,0.28814,0.2638,0.84586,0.99903,1,0.995,0.98022,0.99903,1,0.995,0.99273,0.26963,0.09935,0.13939,0.20626,0.78113,0.0005281,0.0005281,0.0005281
145,364.055,0.31008,0.31856,0.29952,0.24635,0.83862,0.99903,1,0.995,0.97394,0.99903,1,0.995,0.99177,0.28023,0.07363,0.13759,0.19579,0.78029,0.0005248,0.0005248,0.0005248
146,366.485,0.3083,0.35812,0.32006,0.25607,0.84476,0.99902,1,0.995,0.98448,0.99902,1,0.995,0.99237,0.24824,0.08612,0.13406,0.19888,0.77949,0.0005215,0.0005215,0.0005215
147,368.992,0.36859,0.63546,0.30152,0.6256,0.88098,0.999,1,0.995,0.97843,0.999,1,0.995,0.99172,0.25698,0.08192,0.12894,0.21951,0.78923,0.0005182,0.0005182,0.0005182
148,371.655,0.292,0.40239,0.3005,0.24237,0.85111,0.99895,1,0.995,0.97639,0.99895,1,0.995,0.99015,0.24609,0.06953,0.12851,0.20434,0.78742,0.0005149,0.0005149,0.0005149
149,374.222,0.29358,0.3461,0.29917,0.23347,0.82754,0.99894,1,0.995,0.97069,0.99894,1,0.995,0.98906,0.2579,0.0692,0.12975,0.20085,0.78429,0.0005116,0.0005116,0.0005116
150,376.65,0.29472,0.34328,0.31684,0.23712,0.82605,0.99898,1,0.995,0.97492,0.99898,1,0.995,0.9883,0.26099,0.06885,0.12879,0.21703,0.78382,0.0005083,0.0005083,0.0005083
151,379.117,0.30368,0.532,0.30788,0.24212,0.83782,0.99877,1,0.995,0.97545,0.99877,1,0.995,0.98784,0.25798,0.07638,0.12362,0.2088,0.77921,0.000505,0.000505,0.000505
152,381.397,0.29462,0.41964,0.26939,0.24306,0.83548,0.99865,1,0.995,0.976,0.99865,1,0.995,0.98861,0.26614,0.07786,0.12076,0.19984,0.77832,0.0005017,0.0005017,0.0005017
153,383.817,0.30527,0.34803,0.27881,0.23974,0.82825,0.99901,1,0.995,0.98071,0.99901,1,0.995,0.98878,0.26416,0.07277,0.11772,0.19116,0.77707,0.0004984,0.0004984,0.0004984
154,386.336,0.29759,0.33334,0.28702,0.24141,0.84748,0.99903,1,0.995,0.98563,0.99903,1,0.995,0.98769,0.26026,0.06729,0.11842,0.18363,0.77554,0.0004951,0.0004951,0.0004951
155,388.941,0.29626,0.40898,0.29368,0.23364,0.83961,0.99903,1,0.995,0.98473,0.99903,1,0.995,0.98549,0.27044,0.07397,0.12158,0.18735,0.77461,0.0004918,0.0004918,0.0004918
156,391.603,0.29116,0.41796,0.29944,0.23728,0.85629,0.99905,1,0.995,0.97069,0.99905,1,0.995,0.98734,0.27053,0.06788,0.11989,0.19749,0.77659,0.0004885,0.0004885,0.0004885
157,394.169,0.28987,0.3702,0.24802,0.23145,0.84018,0.99904,1,0.995,0.973,0.99904,1,0.995,0.98734,0.25516,0.07222,0.11726,0.19009,0.77083,0.0004852,0.0004852,0.0004852
158,396.705,0.28141,0.3469,0.28218,0.22585,0.82027,0.99904,1,0.995,0.98309,0.99904,1,0.995,0.98702,0.24386,0.0685,0.11507,0.18684,0.76695,0.0004819,0.0004819,0.0004819
159,399.328,0.29933,0.32264,0.27153,0.24758,0.83328,0.99905,1,0.995,0.98156,0.99905,1,0.995,0.9873,0.25306,0.08193,0.11874,0.18513,0.76583,0.0004786,0.0004786,0.0004786
160,401.879,0.29242,0.35482,0.27129,0.24061,0.82031,0.99904,1,0.995,0.97539,0.99904,1,0.995,0.98757,0.26396,0.07995,0.1205,0.18861,0.76911,0.0004753,0.0004753,0.0004753
161,404.36,0.28419,0.34396,0.26382,0.2256,0.8313,0.99904,1,0.995,0.97477,0.99904,1,0.995,0.98827,0.25463,0.07301,0.12004,0.18549,0.76759,0.000472,0.000472,0.000472
162,406.777,0.29342,0.41935,0.28215,0.25073,0.8448,0.99903,1,0.995,0.97784,0.99903,1,0.995,0.98802,0.25928,0.08142,0.11682,0.17795,0.76608,0.0004687,0.0004687,0.0004687
163,409.287,0.2957,0.39909,0.28267,0.23082,0.82544,0.99904,1,0.995,0.98009,0.99904,1,0.995,0.98766,0.26381,0.0793,0.1166,0.17811,0.76733,0.0004654,0.0004654,0.0004654
164,411.806,0.28644,0.35212,0.26354,0.23901,0.83567,0.99904,1,0.995,0.978,0.99904,1,0.995,0.98838,0.2688,0.07608,0.11899,0.18288,0.76406,0.0004621,0.0004621,0.0004621
165,414.151,0.27849,0.37803,0.27654,0.23212,0.8221,0.99906,1,0.995,0.97716,0.99906,1,0.995,0.98892,0.27194,0.08064,0.12265,0.17901,0.76555,0.0004588,0.0004588,0.0004588
166,416.531,0.29991,0.3663,0.26533,0.23927,0.84899,0.99904,1,0.995,0.97237,0.99904,1,0.995,0.9886,0.26963,0.07725,0.12493,0.18174,0.76893,0.0004555,0.0004555,0.0004555
167,418.94,0.28816,0.40439,0.27041,0.22626,0.83179,0.99903,1,0.995,0.97346,0.99903,1,0.995,0.98873,0.26939,0.07333,0.12189,0.19299,0.76918,0.0004522,0.0004522,0.0004522
168,421.318,0.28913,0.31353,0.2689,0.22909,0.83741,0.99904,1,0.995,0.98389,0.99904,1,0.995,0.98821,0.25618,0.07664,0.1171,0.18979,0.76561,0.0004489,0.0004489,0.0004489
169,423.604,0.27574,0.30205,0.25835,0.22431,0.83789,0.99903,1,0.995,0.98075,0.99903,1,0.995,0.98837,0.25677,0.07767,0.10853,0.19271,0.77107,0.0004456,0.0004456,0.0004456
170,426.057,0.2866,0.35975,0.23417,0.22448,0.82774,0.99903,1,0.995,0.979,0.99903,1,0.995,0.98898,0.26648,0.0753,0.10923,0.19553,0.77284,0.0004423,0.0004423,0.0004423
171,428.175,0.27484,0.35834,0.25536,0.22246,0.81957,0.99901,1,0.995,0.97996,0.99901,1,0.995,0.98887,0.27685,0.07473,0.11177,0.19282,0.77384,0.000439,0.000439,0.000439
172,430.485,0.28099,0.36178,0.27882,0.22632,0.84881,0.99904,1,0.995,0.97554,0.99904,1,0.995,0.98639,0.26492,0.07682,0.10933,0.19639,0.77379,0.0004357,0.0004357,0.0004357
173,432.952,0.28609,0.36019,0.25329,0.2371,0.83324,0.99904,1,0.995,0.971,0.99904,1,0.995,0.98538,0.24526,0.08153,0.10787,0.18729,0.77343,0.0004324,0.0004324,0.0004324
174,435.368,0.28687,0.36639,0.24614,0.22416,0.8237,0.99903,1,0.995,0.98355,0.99903,1,0.995,0.98865,0.22594,0.07313,0.11208,0.17293,0.76662,0.0004291,0.0004291,0.0004291
175,437.812,0.28097,0.40468,0.26025,0.2256,0.82822,0.99904,1,0.995,0.98708,0.99904,1,0.995,0.98879,0.24373,0.06511,0.11913,0.1822,0.76471,0.0004258,0.0004258,0.0004258
176,440.23,0.27627,0.32459,0.26676,0.21599,0.83254,0.99905,1,0.995,0.99009,0.99905,1,0.995,0.9892,0.24387,0.06257,0.1195,0.18194,0.7639,0.0004225,0.0004225,0.0004225
177,442.698,0.26601,0.38789,0.25716,0.22169,0.83483,0.99905,1,0.995,0.99106,0.99905,1,0.995,0.9898,0.24317,0.06544,0.1118,0.18234,0.76589,0.0004192,0.0004192,0.0004192
178,445.096,0.27767,0.37125,0.26153,0.21589,0.83567,0.99904,1,0.995,0.98237,0.99904,1,0.995,0.99027,0.25708,0.06431,0.1126,0.18592,0.76427,0.0004159,0.0004159,0.0004159
179,447.633,0.27829,0.36973,0.26562,0.22607,0.81753,0.99904,1,0.995,0.97564,0.99904,1,0.995,0.98937,0.2618,0.06667,0.11271,0.17901,0.7635,0.0004126,0.0004126,0.0004126
180,450.205,0.27201,0.32845,0.24128,0.21468,0.81154,0.99905,1,0.995,0.98484,0.99905,1,0.995,0.98916,0.24666,0.06757,0.11204,0.17413,0.75932,0.0004093,0.0004093,0.0004093
181,452.433,0.2867,0.38857,0.26873,0.22346,0.83395,0.99904,1,0.995,0.9851,0.99904,1,0.995,0.98882,0.2365,0.08321,0.11229,0.16564,0.75703,0.000406,0.000406,0.000406
182,454.766,0.27159,0.36319,0.25773,0.22616,0.83228,0.99904,1,0.995,0.98544,0.99904,1,0.995,0.98896,0.23484,0.0762,0.11015,0.16676,0.75667,0.0004027,0.0004027,0.0004027
183,457.074,0.2681,0.43694,0.24027,0.21481,0.82879,0.99904,1,0.995,0.98705,0.99904,1,0.995,0.98927,0.23321,0.06377,0.11447,0.17597,0.75679,0.0003994,0.0003994,0.0003994
184,459.221,0.28657,0.40992,0.24758,0.22806,0.83011,0.99904,1,0.995,0.97983,0.99904,1,0.995,0.98948,0.23012,0.06489,0.1173,0.17216,0.75702,0.0003961,0.0003961,0.0003961
185,461.769,0.26965,0.44956,0.26566,0.23438,0.83401,0.99904,1,0.995,0.98968,0.99904,1,0.995,0.98922,0.24396,0.07258,0.11477,0.17975,0.76016,0.0003928,0.0003928,0.0003928
186,464.204,0.27442,0.37922,0.24701,0.21572,0.81626,0.99905,1,0.995,0.98581,0.99905,1,0.995,0.99062,0.25136,0.07272,0.11039,0.18205,0.76245,0.0003895,0.0003895,0.0003895
187,466.615,0.28336,0.3176,0.24166,0.22671,0.8295,0.99905,1,0.995,0.9848,0.99905,1,0.995,0.99009,0.25133,0.06935,0.10903,0.18275,0.7634,0.0003862,0.0003862,0.0003862
188,468.924,0.28172,0.30259,0.23062,0.22808,0.82499,1,1,0.995,0.98455,1,1,0.995,0.99127,0.24721,0.06546,0.10603,0.18291,0.76307,0.0003829,0.0003829,0.0003829
189,471.117,0.27727,0.30459,0.24471,0.22103,0.83434,0.99906,1,0.995,0.985,0.99906,1,0.995,0.99188,0.25742,0.06562,0.10475,0.17727,0.76391,0.0003796,0.0003796,0.0003796
190,473.353,0.26961,0.27933,0.27037,0.21995,0.83395,0.99905,1,0.995,0.9796,0.99905,1,0.995,0.99209,0.26531,0.06576,0.10517,0.1873,0.76435,0.0003763,0.0003763,0.0003763
191,475.785,0.27041,0.3149,0.25054,0.21552,0.82806,0.99905,1,0.995,0.98238,0.99905,1,0.995,0.99184,0.24343,0.06836,0.10778,0.17566,0.76501,0.000373,0.000373,0.000373
192,478.006,0.26922,0.28546,0.22523,0.21618,0.82102,0.99906,1,0.995,0.99426,0.99906,1,0.995,0.99085,0.24376,0.09604,0.10887,0.17484,0.76745,0.0003697,0.0003697,0.0003697
193,480.322,0.26116,0.25155,0.24964,0.20963,0.81877,0.99904,1,0.995,0.99059,0.99904,1,0.995,0.98915,0.24751,0.08828,0.10268,0.16947,0.76806,0.0003664,0.0003664,0.0003664
194,482.698,0.27022,0.32052,0.25061,0.20895,0.82256,0.99906,1,0.995,0.98973,0.99906,1,0.995,0.98941,0.24145,0.0774,0.09923,0.17516,0.76789,0.0003631,0.0003631,0.0003631
195,485.146,0.27278,0.2715,0.25389,0.2156,0.83585,0.99905,1,0.995,0.9821,0.99905,1,0.995,0.99062,0.24074,0.07389,0.09841,0.17749,0.76951,0.0003598,0.0003598,0.0003598
196,487.561,0.26944,0.31103,0.22884,0.21935,0.82538,0.99904,1,0.995,0.98706,0.99904,1,0.995,0.98802,0.2352,0.06991,0.09897,0.17495,0.76796,0.0003565,0.0003565,0.0003565
197,489.889,0.29639,0.52181,0.25231,0.23172,0.82181,0.99903,1,0.995,0.99012,0.99903,1,0.995,0.98677,0.2267,0.07347,0.0989,0.17626,0.77144,0.0003532,0.0003532,0.0003532
198,492.256,0.26884,0.33421,0.22305,0.22498,0.82697,0.99903,1,0.995,0.98479,0.99903,1,0.995,0.98649,0.23098,0.07084,0.0988,0.17681,0.77492,0.0003499,0.0003499,0.0003499
199,494.623,0.27854,0.38143,0.21947,0.21677,0.81735,0.99905,1,0.995,0.98327,0.99905,1,0.995,0.98652,0.23111,0.07199,0.09422,0.17752,0.77775,0.0003466,0.0003466,0.0003466
200,497.038,0.28913,0.33081,0.22819,0.22176,0.83174,0.99903,1,0.995,0.98504,0.99903,1,0.995,0.98677,0.24396,0.0817,0.09065,0.19401,0.78078,0.0003433,0.0003433,0.0003433
201,499.514,0.27848,0.35313,0.21751,0.22588,0.83129,0.99903,1,0.995,0.97666,0.99903,1,0.995,0.98587,0.264,0.09319,0.08677,0.1929,0.78741,0.00034,0.00034,0.00034
202,501.904,0.26354,0.31288,0.22067,0.23522,0.8265,0.99904,1,0.995,0.98963,0.99904,1,0.995,0.98557,0.25269,0.08264,0.08739,0.18486,0.78349,0.0003367,0.0003367,0.0003367
203,504.234,0.25465,0.29224,0.21239,0.20272,0.82307,0.99904,1,0.995,0.98568,0.99904,1,0.995,0.98306,0.25154,0.07651,0.08764,0.18043,0.78322,0.0003334,0.0003334,0.0003334
204,506.633,0.26346,0.31221,0.21255,0.2142,0.82216,0.99902,1,0.995,0.98706,0.99902,1,0.995,0.98413,0.23535,0.0743,0.08715,0.18384,0.78688,0.0003301,0.0003301,0.0003301
205,509.026,0.26896,0.32397,0.20947,0.21558,0.82664,0.99901,1,0.995,0.9819,0.99901,1,0.995,0.98438,0.23779,0.07422,0.08752,0.18151,0.78681,0.0003268,0.0003268,0.0003268
206,511.338,0.27291,0.29829,0.2387,0.21642,0.83032,0.99898,1,0.995,0.98618,0.99898,1,0.995,0.98451,0.23655,0.07604,0.08911,0.17681,0.78329,0.0003235,0.0003235,0.0003235
207,513.47,0.27521,0.38874,0.22281,0.22737,0.822,0.99897,1,0.995,0.98733,0.99897,1,0.995,0.98095,0.22272,0.08113,0.08951,0.16732,0.77878,0.0003202,0.0003202,0.0003202
208,515.566,0.25884,0.37704,0.21489,0.21554,0.81499,0.99901,1,0.995,0.98885,0.99901,1,0.995,0.98114,0.22577,0.07969,0.08914,0.17157,0.77957,0.0003169,0.0003169,0.0003169
209,517.632,0.25567,0.29309,0.1971,0.20165,0.81682,0.99904,1,0.995,0.98333,0.99904,1,0.995,0.97926,0.23147,0.0856,0.08587,0.18209,0.78007,0.0003136,0.0003136,0.0003136
210,519.83,0.2664,0.31053,0.20582,0.2095,0.81363,0.99904,1,0.995,0.98513,0.99904,1,0.995,0.97979,0.22586,0.0887,0.08315,0.17746,0.77891,0.0003103,0.0003103,0.0003103
211,522.007,0.26167,0.28015,0.22161,0.20536,0.82072,0.99902,1,0.995,0.99102,0.99902,1,0.995,0.98064,0.22819,0.08737,0.08183,0.17941,0.77791,0.000307,0.000307,0.000307
212,524.242,0.26423,0.34819,0.22034,0.20493,0.82256,0.99903,1,0.995,0.99325,0.99903,1,0.995,0.98549,0.23223,0.07132,0.08222,0.18008,0.77799,0.0003037,0.0003037,0.0003037
213,526.571,0.25302,0.3536,0.23139,0.20839,0.82807,0.99904,1,0.995,0.98264,0.99904,1,0.995,0.99006,0.24149,0.06627,0.08518,0.18019,0.77684,0.0003004,0.0003004,0.0003004
214,529.045,0.26405,0.25742,0.2311,0.22506,0.83912,0.99903,1,0.995,0.98354,0.99903,1,0.995,0.99077,0.24532,0.06257,0.08627,0.17951,0.77309,0.0002971,0.0002971,0.0002971
215,531.323,0.28372,0.35972,0.21557,0.21964,0.83063,0.99905,1,0.995,0.98493,0.99905,1,0.995,0.98992,0.23182,0.05876,0.0882,0.16921,0.76755,0.0002938,0.0002938,0.0002938
216,533.897,0.25575,0.29381,0.23072,0.2045,0.82905,0.99905,1,0.995,0.98854,0.99905,1,0.995,0.99073,0.23241,0.06468,0.08856,0.16597,0.76695,0.0002905,0.0002905,0.0002905
217,536.368,0.25629,0.31495,0.19686,0.20301,0.82906,0.99905,1,0.995,0.99029,0.99905,1,0.995,0.98973,0.2271,0.06959,0.09137,0.16617,0.76421,0.0002872,0.0002872,0.0002872
218,538.567,0.25334,0.22999,0.20542,0.19414,0.82717,0.99905,1,0.995,0.98628,0.99905,1,0.995,0.99131,0.22487,0.06554,0.09064,0.16269,0.76338,0.0002839,0.0002839,0.0002839
219,540.862,0.25304,0.25608,0.20602,0.22019,0.81412,0.99904,1,0.995,0.98527,0.99904,1,0.995,0.99134,0.23195,0.06146,0.09051,0.16314,0.7637,0.0002806,0.0002806,0.0002806
220,543.185,0.26485,0.31791,0.19988,0.20435,0.81679,0.99906,1,0.995,0.98237,0.99906,1,0.995,0.99177,0.24204,0.06136,0.09145,0.16391,0.76287,0.0002773,0.0002773,0.0002773
221,545.388,0.27144,0.44477,0.21359,0.21493,0.83657,0.99905,1,0.995,0.98563,0.99905,1,0.995,0.99184,0.24106,0.06512,0.09214,0.16747,0.76327,0.000274,0.000274,0.000274
222,547.591,0.24652,0.3418,0.20452,0.20106,0.81327,0.99906,1,0.995,0.99017,0.99906,1,0.995,0.9907,0.23814,0.06749,0.09421,0.16621,0.76583,0.0002707,0.0002707,0.0002707
223,549.767,0.25463,0.26357,0.23326,0.20451,0.83337,0.99906,1,0.995,0.98,0.99906,1,0.995,0.98877,0.23431,0.06412,0.09595,0.16934,0.76552,0.0002674,0.0002674,0.0002674
224,551.983,0.26231,0.33543,0.20028,0.21072,0.82659,1,1,0.995,0.99017,1,1,0.995,0.98984,0.22911,0.06319,0.0978,0.17005,0.76313,0.0002641,0.0002641,0.0002641
225,554.258,0.27022,0.28912,0.21644,0.20999,0.82789,0.99905,1,0.995,0.98764,0.99905,1,0.995,0.99137,0.22008,0.06322,0.09643,0.16818,0.75957,0.0002608,0.0002608,0.0002608
226,556.767,0.27227,0.33275,0.21546,0.20699,0.83101,0.99906,1,0.995,0.98764,0.99906,1,0.995,0.99266,0.2241,0.06164,0.09415,0.16474,0.75909,0.0002575,0.0002575,0.0002575
227,559.286,0.26755,0.31665,0.19284,0.21168,0.84003,0.99905,1,0.995,0.98491,0.99905,1,0.995,0.99298,0.22672,0.06147,0.09007,0.16899,0.75859,0.0002542,0.0002542,0.0002542
228,561.967,0.25857,0.2715,0.2256,0.20527,0.82399,0.99905,1,0.995,0.98843,0.99905,1,0.995,0.99302,0.24092,0.06362,0.08869,0.16284,0.76072,0.0002509,0.0002509,0.0002509
229,564.343,0.26382,0.33235,0.22173,0.21028,0.82778,1,1,0.995,0.9898,1,1,0.995,0.99306,0.23589,0.06504,0.08635,0.16412,0.76056,0.0002476,0.0002476,0.0002476
230,566.723,0.26338,0.25973,0.21473,0.21357,0.82674,0.99904,1,0.995,0.98774,0.99904,1,0.995,0.99284,0.22558,0.06987,0.0855,0.16528,0.76043,0.0002443,0.0002443,0.0002443
231,568.97,0.25697,0.23463,0.21545,0.20302,0.82201,0.99904,1,0.995,0.98616,0.99904,1,0.995,0.99273,0.22727,0.06517,0.08533,0.15908,0.75977,0.000241,0.000241,0.000241
232,571.076,0.27229,0.3576,0.20874,0.21213,0.83238,0.99906,1,0.995,0.99149,0.99906,1,0.995,0.99073,0.22715,0.06328,0.085,0.15584,0.75907,0.0002377,0.0002377,0.0002377
233,573.169,0.26392,0.27348,0.19613,0.20267,0.83648,1,1,0.995,0.99375,1,1,0.995,0.99118,0.22232,0.06296,0.08405,0.15825,0.75804,0.0002344,0.0002344,0.0002344
234,575.254,0.23728,0.29815,0.18047,0.6215,0.78479,1,1,0.995,0.98895,1,1,0.995,0.99143,0.22523,0.06437,0.08429,0.15793,0.75845,0.0002311,0.0002311,0.0002311
235,577.32,0.25398,0.32212,0.19145,0.2128,0.82442,0.99905,1,0.995,0.98941,0.99905,1,0.995,0.99133,0.23437,0.06411,0.08504,0.16667,0.75926,0.0002278,0.0002278,0.0002278
236,579.725,0.26877,0.30967,0.21321,0.21441,0.81766,1,1,0.995,0.98841,1,1,0.995,0.99191,0.23251,0.05426,0.08646,0.16283,0.76128,0.0002245,0.0002245,0.0002245
237,581.867,0.25432,0.29215,0.20884,0.20381,0.82528,0.99906,1,0.995,0.9908,0.99906,1,0.995,0.99173,0.22689,0.05589,0.08768,0.16007,0.76377,0.0002212,0.0002212,0.0002212
238,583.946,0.25514,0.35375,0.21311,0.20404,0.81376,0.99906,1,0.995,0.98901,0.99906,1,0.995,0.99123,0.23137,0.05758,0.08856,0.1665,0.76543,0.0002179,0.0002179,0.0002179
239,586.027,0.23979,0.27042,0.18269,0.1913,0.81803,0.99906,1,0.995,0.98872,0.99906,1,0.995,0.99188,0.22933,0.05624,0.09038,0.16255,0.76251,0.0002146,0.0002146,0.0002146
240,588.072,0.24838,0.29824,0.19911,0.19903,0.81994,1,1,0.995,0.99131,1,1,0.995,0.99191,0.21884,0.05591,0.09151,0.15963,0.7599,0.0002113,0.0002113,0.0002113
241,590.185,0.23714,0.26195,0.19479,0.18759,0.82494,1,1,0.995,0.99133,1,1,0.995,0.99177,0.22107,0.05885,0.08722,0.16158,0.75908,0.000208,0.000208,0.000208
242,592.618,0.24562,0.25938,0.20434,0.18948,0.82853,1,1,0.995,0.98951,1,1,0.995,0.99206,0.22867,0.06295,0.08479,0.16424,0.75997,0.0002047,0.0002047,0.0002047
243,594.78,0.25299,0.26425,0.17631,0.19183,0.82232,1,1,0.995,0.98515,1,1,0.995,0.99163,0.23318,0.0671,0.08311,0.16234,0.75867,0.0002014,0.0002014,0.0002014
244,596.96,0.25758,0.28601,0.19334,0.20665,0.82134,1,1,0.995,0.98634,1,1,0.995,0.99026,0.22631,0.07763,0.08244,0.15344,0.75666,0.0001981,0.0001981,0.0001981
245,599.236,0.2441,0.25725,0.20005,0.1946,0.80931,0.99905,1,0.995,0.99015,0.99905,1,0.995,0.98983,0.222,0.07719,0.0834,0.15689,0.75706,0.0001948,0.0001948,0.0001948
246,601.619,0.26159,0.31877,0.21887,0.19705,0.82949,0.99905,1,0.995,0.98819,0.99905,1,0.995,0.98833,0.22096,0.06824,0.08419,0.15644,0.75685,0.0001915,0.0001915,0.0001915
247,604.135,0.24586,0.34531,0.21086,0.19129,0.82274,0.99905,1,0.995,0.99062,0.99905,1,0.995,0.9878,0.22471,0.06857,0.08604,0.15367,0.75559,0.0001882,0.0001882,0.0001882
248,606.497,0.24917,0.3206,0.18799,0.18763,0.81733,0.99904,1,0.995,0.98561,0.99904,1,0.995,0.98864,0.225,0.07374,0.08436,0.15462,0.75583,0.0001849,0.0001849,0.0001849
249,609.148,0.23862,0.31394,0.19907,0.18958,0.81332,0.99904,1,0.995,0.98479,0.99904,1,0.995,0.9892,0.22923,0.06928,0.08211,0.15935,0.75684,0.0001816,0.0001816,0.0001816
250,611.678,0.24563,0.29293,0.19051,0.19482,0.81775,0.99906,1,0.995,0.98436,0.99906,1,0.995,0.98864,0.22823,0.06387,0.08235,0.15635,0.75639,0.0001783,0.0001783,0.0001783
251,614.094,0.23906,0.29639,0.20734,0.18843,0.82533,0.99906,1,0.995,0.99183,0.99906,1,0.995,0.98899,0.22819,0.06307,0.08279,0.15634,0.7564,0.000175,0.000175,0.000175
252,616.611,0.2436,0.29456,0.1756,0.18805,0.81289,0.99906,1,0.995,0.99315,0.99906,1,0.995,0.98844,0.22152,0.06564,0.08354,0.15204,0.75516,0.0001717,0.0001717,0.0001717
253,619.171,0.24693,0.25679,0.17726,0.18553,0.80586,0.99906,1,0.995,0.99007,0.99906,1,0.995,0.98905,0.2204,0.07035,0.08218,0.15456,0.75481,0.0001684,0.0001684,0.0001684
254,621.726,0.2499,0.25621,0.20692,0.18742,0.82508,0.99906,1,0.995,0.99275,0.99906,1,0.995,0.98866,0.21691,0.07637,0.08277,0.15901,0.7547,0.0001651,0.0001651,0.0001651
255,624.186,0.22786,0.25925,0.18901,0.18397,0.81064,0.99906,1,0.995,0.99372,0.99906,1,0.995,0.98851,0.21264,0.07584,0.08159,0.15133,0.75411,0.0001618,0.0001618,0.0001618
256,626.579,0.2427,0.3245,0.18802,0.19174,0.81803,1,1,0.995,0.994,1,1,0.995,0.98944,0.21576,0.07678,0.07983,0.14911,0.75397,0.0001585,0.0001585,0.0001585
257,628.952,0.24316,0.29843,0.20484,0.19403,0.82502,0.99906,1,0.995,0.99399,0.99906,1,0.995,0.98818,0.2188,0.08694,0.07969,0.14851,0.75477,0.0001552,0.0001552,0.0001552
258,631.119,0.23594,0.30841,0.18034,0.18452,0.81866,0.99906,1,0.995,0.98359,0.99906,1,0.995,0.98719,0.22375,0.08975,0.07947,0.14955,0.75572,0.0001519,0.0001519,0.0001519
259,633.369,0.24728,0.37687,0.18649,0.19861,0.82739,0.99906,1,0.995,0.97945,0.99906,1,0.995,0.98651,0.23445,0.09124,0.07781,0.15495,0.75786,0.0001486,0.0001486,0.0001486
260,635.59,0.23816,0.26954,0.19925,0.18957,0.82266,0.99907,1,0.995,0.97749,0.99907,1,0.995,0.98669,0.23763,0.09477,0.07791,0.1526,0.75821,0.0001453,0.0001453,0.0001453
261,637.827,0.24189,0.35661,0.18992,0.19043,0.82083,0.99906,1,0.995,0.983,0.99906,1,0.995,0.98647,0.22927,0.09777,0.0771,0.14955,0.75669,0.000142,0.000142,0.000142
262,640.384,0.24201,0.2774,0.2089,0.1888,0.82551,0.99907,1,0.995,0.98564,0.99907,1,0.995,0.98632,0.22696,0.09528,0.07637,0.14884,0.75547,0.0001387,0.0001387,0.0001387
263,642.958,0.261,0.29,0.19922,0.19985,0.82884,0.99905,1,0.995,0.99043,0.99905,1,0.995,0.98847,0.22638,0.08359,0.07498,0.14858,0.75518,0.0001354,0.0001354,0.0001354
264,645.532,0.23547,0.23403,0.17839,0.18554,0.82482,0.99906,1,0.995,0.99034,0.99906,1,0.995,0.99039,0.22944,0.07754,0.07579,0.14864,0.75495,0.0001321,0.0001321,0.0001321
265,648.074,0.24463,0.35787,0.21035,0.18608,0.80278,0.99905,1,0.995,0.99046,0.99905,1,0.995,0.99061,0.22436,0.0741,0.07738,0.14977,0.75315,0.0001288,0.0001288,0.0001288
266,650.601,0.24917,0.27463,0.18395,0.19506,0.82878,0.99905,1,0.995,0.99046,0.99905,1,0.995,0.99035,0.21799,0.07053,0.07766,0.14566,0.75174,0.0001255,0.0001255,0.0001255
267,653.07,0.24704,0.22808,0.18894,0.19245,0.83532,0.99905,1,0.995,0.99277,0.99905,1,0.995,0.99145,0.21606,0.06533,0.07876,0.14338,0.75158,0.0001222,0.0001222,0.0001222
268,655.331,0.24964,0.21609,0.17298,0.19607,0.82869,0.99906,1,0.995,0.99376,0.99906,1,0.995,0.99262,0.21637,0.05857,0.08095,0.14015,0.7515,0.0001189,0.0001189,0.0001189
269,657.966,0.2292,0.29796,0.18397,0.19147,0.80574,0.99907,1,0.995,0.99141,0.99907,1,0.995,0.99273,0.21868,0.05695,0.08113,0.13833,0.75218,0.0001156,0.0001156,0.0001156
270,660.398,0.25815,0.38048,0.22177,0.19392,0.82554,1,1,0.995,0.98995,1,1,0.995,0.99277,0.22071,0.05639,0.08083,0.14002,0.75284,0.0001123,0.0001123,0.0001123
271,662.814,0.2429,0.28248,0.1822,0.19989,0.82591,0.99905,1,0.995,0.99369,0.99905,1,0.995,0.99262,0.21749,0.05692,0.07946,0.14425,0.75375,0.000109,0.000109,0.000109
272,665.237,0.23356,0.23718,0.19317,0.18308,0.8171,0.99905,1,0.995,0.99376,0.99905,1,0.995,0.99234,0.21513,0.05834,0.07984,0.14188,0.75381,0.0001057,0.0001057,0.0001057
273,667.704,0.23291,0.27081,0.17976,0.18432,0.82048,0.99905,1,0.995,0.99368,0.99905,1,0.995,0.99202,0.22259,0.05724,0.07988,0.142,0.75379,0.0001024,0.0001024,0.0001024
274,670.153,0.24161,0.26976,0.1762,0.18763,0.81525,0.99907,1,0.995,0.99357,0.99907,1,0.995,0.99184,0.22604,0.0569,0.08039,0.14375,0.75352,9.91e-05,9.91e-05,9.91e-05
275,672.535,0.24775,0.32343,0.23111,0.20222,0.81875,0.99905,1,0.995,0.98895,0.99905,1,0.995,0.99234,0.22289,0.05783,0.08021,0.14773,0.75314,9.58e-05,9.58e-05,9.58e-05
276,674.976,0.24161,0.34991,0.17378,0.18769,0.82685,0.99906,1,0.995,0.98623,0.99906,1,0.995,0.99205,0.21965,0.05866,0.08113,0.14577,0.7533,9.25e-05,9.25e-05,9.25e-05
277,677.4,0.23602,0.24221,0.19378,0.18872,0.82007,0.99907,1,0.995,0.99131,0.99907,1,0.995,0.9922,0.21686,0.05807,0.08103,0.14301,0.7533,8.92e-05,8.92e-05,8.92e-05
278,679.845,0.23214,0.27815,0.18629,0.18737,0.81979,0.99906,1,0.995,0.995,0.99906,1,0.995,0.99144,0.21495,0.05893,0.08219,0.13883,0.75289,8.59e-05,8.59e-05,8.59e-05
279,682.217,0.24258,0.34373,0.18107,0.19567,0.81847,0.99907,1,0.995,0.99397,0.99907,1,0.995,0.9916,0.21768,0.06185,0.08104,0.13735,0.75295,8.26e-05,8.26e-05,8.26e-05
280,684.335,0.23349,0.29486,0.16616,0.19085,0.8242,0.99907,1,0.995,0.99394,0.99907,1,0.995,0.99155,0.22273,0.06305,0.08049,0.13854,0.75346,7.93e-05,7.93e-05,7.93e-05
281,686.544,0.22727,0.26288,0.17665,0.17648,0.81519,0.99906,1,0.995,0.99108,0.99906,1,0.995,0.99167,0.21986,0.06384,0.0784,0.14407,0.75184,7.6e-05,7.6e-05,7.6e-05
282,688.757,0.2244,0.24708,0.20071,0.18096,0.81788,0.99907,1,0.995,0.9935,0.99907,1,0.995,0.99176,0.21764,0.06344,0.07856,0.13854,0.75073,7.27e-05,7.27e-05,7.27e-05
283,691.001,0.23942,0.26827,0.16552,0.18029,0.80688,0.99906,1,0.995,0.99343,0.99906,1,0.995,0.9918,0.21468,0.06404,0.07829,0.13778,0.75032,6.94e-05,6.94e-05,6.94e-05
284,693.198,0.22358,0.31906,0.1808,0.18008,0.81039,0.99907,1,0.995,0.99341,0.99907,1,0.995,0.99168,0.2134,0.0649,0.07834,0.13827,0.75,6.61e-05,6.61e-05,6.61e-05
285,695.217,0.25055,0.38158,0.16288,0.21808,0.82138,0.99906,1,0.995,0.99345,0.99906,1,0.995,0.99152,0.21642,0.06518,0.07866,0.14012,0.75019,6.28e-05,6.28e-05,6.28e-05
286,697.284,0.23377,0.276,0.18211,0.1805,0.82625,0.99906,1,0.995,0.99349,0.99906,1,0.995,0.9896,0.22043,0.06647,0.07842,0.14233,0.75069,5.95e-05,5.95e-05,5.95e-05
287,699.398,0.22738,0.25132,0.16289,0.17568,0.82126,1,1,0.995,0.99355,1,1,0.995,0.98981,0.21584,0.06565,0.0783,0.13755,0.75043,5.62e-05,5.62e-05,5.62e-05
288,701.501,0.23048,0.31161,0.18793,0.18573,0.83045,1,1,0.995,0.99359,1,1,0.995,0.9898,0.21109,0.06397,0.07779,0.13699,0.75109,5.29e-05,5.29e-05,5.29e-05
289,703.607,0.22922,0.27758,0.19257,0.17477,0.83032,0.99907,1,0.995,0.99354,0.99907,1,0.995,0.99141,0.20691,0.06321,0.07673,0.13441,0.75133,4.96e-05,4.96e-05,4.96e-05
290,705.651,0.25376,0.28686,0.18708,0.19854,0.83035,0.99907,1,0.995,0.99352,0.99907,1,0.995,0.99123,0.20624,0.06169,0.0765,0.13821,0.75177,4.63e-05,4.63e-05,4.63e-05
291,709.118,0.20256,0.24888,0.10438,0.15101,0.76003,0.99907,1,0.995,0.99352,0.99907,1,0.995,0.99095,0.20687,0.05984,0.07793,0.13929,0.75307,4.3e-05,4.3e-05,4.3e-05
292,711.597,0.20403,0.34374,0.10039,0.1383,0.78319,0.99905,1,0.995,0.99325,0.99905,1,0.995,0.98962,0.20651,0.0586,0.079,0.13951,0.75493,3.97e-05,3.97e-05,3.97e-05
293,714.019,0.20814,0.29565,0.09621,0.14608,0.75202,0.99905,1,0.995,0.99103,0.99905,1,0.995,0.98885,0.20808,0.05988,0.07984,0.13928,0.75539,3.64e-05,3.64e-05,3.64e-05
294,716.224,0.20501,0.23025,0.09483,0.14169,0.77817,0.99905,1,0.995,0.98819,0.99905,1,0.995,0.98858,0.20802,0.06088,0.08018,0.13851,0.75633,3.31e-05,3.31e-05,3.31e-05
295,718.391,0.2027,0.23096,0.0968,0.13965,0.76226,0.99904,1,0.995,0.99122,0.99904,1,0.995,0.98846,0.20869,0.06097,0.08,0.13969,0.75633,2.98e-05,2.98e-05,2.98e-05
296,720.613,0.20047,0.23282,0.09499,0.13496,0.77081,0.99904,1,0.995,0.99119,0.99904,1,0.995,0.98858,0.20833,0.05969,0.08042,0.13989,0.75647,2.65e-05,2.65e-05,2.65e-05
297,722.912,0.2057,0.23364,0.12848,0.14263,0.78087,0.99904,1,0.995,0.99115,0.99904,1,0.995,0.98833,0.20896,0.05816,0.08035,0.13801,0.75632,2.32e-05,2.32e-05,2.32e-05
298,725.207,0.19122,0.23309,0.09572,0.13184,0.77507,0.99904,1,0.995,0.98724,0.99904,1,0.995,0.988,0.20798,0.05801,0.08071,0.13819,0.75639,1.99e-05,1.99e-05,1.99e-05
299,727.529,0.20057,0.23055,0.10377,0.13638,0.75149,0.99905,1,0.995,0.98723,0.99905,1,0.995,0.98842,0.20772,0.05816,0.08097,0.13803,0.75563,1.66e-05,1.66e-05,1.66e-05
300,729.882,0.2036,0.22859,0.09994,0.13752,0.76974,0.99904,1,0.995,0.98727,0.99904,1,0.995,0.98804,0.20817,0.05831,0.08135,0.13694,0.75597,1.33e-05,1.33e-05,1.33e-05
